Id,ActivityDate,TotalDistance,TotalSteps,VeryActiveDistance,VeryActiveMinutes,Calories,weekday_number,weekday
1503960366,2016-04-12,8.5,13162,1.88,25,1985,3,Tuesday
1503960366,2016-04-13,6.97,10735,1.57,21,1797,4,Wednesday
1503960366,2016-04-14,6.74,10460,2.44,30,1776,5,Thursday
1503960366,2016-04-15,6.28,9762,2.14,29,1745,6,Friday
1503960366,2016-04-16,8.16,12669,2.71,36,1863,7,Saturday
1503960366,2016-04-17,6.48,9705,3.19,38,1728,1,Sunday
1503960366,2016-04-18,8.59,13019,3.25,42,1921,2,Monday
1503960366,2016-04-19,9.88,15506,3.53,50,2035,3,Tuesday
1503960366,2016-04-20,6.68,10544,1.96,28,1786,4,Wednesday
1503960366,2016-04-21,6.34,9819,1.34,19,1775,5,Thursday
1503960366,2016-04-22,8.13,12764,4.76,66,1827,6,Friday
1503960366,2016-04-23,9.04,14371,2.81,41,1949,7,Saturday
1503960366,2016-04-24,6.41,10039,2.92,39,1788,1,Sunday
1503960366,2016-04-25,9.8,15355,5.29,73,2013,2,Monday
1503960366,2016-04-26,8.79,13755,2.33,31,1970,3,Tuesday
1503960366,2016-04-27,12.21,18134,6.4,78,2159,4,Wednesday
1503960366,2016-04-28,8.53,13154,3.54,48,1898,5,Thursday
1503960366,2016-04-30,9.25,14673,3.56,52,1947,7,Saturday
1503960366,2016-05-01,6.81,10602,2.29,33,1820,1,Sunday
1503960366,2016-05-02,9.71,14727,3.21,41,2004,2,Monday
1503960366,2016-05-03,9.66,15103,3.73,50,1990,3,Tuesday
1503960366,2016-05-04,7.15,11100,2.46,36,1819,4,Wednesday
1503960366,2016-05-05,8.9,14070,2.92,45,1959,5,Thursday
1503960366,2016-05-06,8.03,12159,1.97,24,1896,6,Friday
1503960366,2016-05-07,7.71,11992,2.46,37,1821,7,Saturday
1503960366,2016-05-08,6.58,10060,3.53,44,1740,1,Sunday
1503960366,2016-05-09,7.72,12022,3.45,46,1819,2,Monday
1503960366,2016-05-10,7.77,12207,3.35,46,1859,3,Tuesday
1503960366,2016-05-11,8.13,12770,2.56,36,1783,4,Wednesday
1624580081,2016-04-17,4.06,6175,1.03,15,1554,1,Sunday
1624580081,2016-04-18,7.41,10536,2.15,17,1604,2,Monday
1624580081,2016-04-24,3.95,6076,1.15,16,1617,1,Sunday
1624580081,2016-04-27,5.44,8367,1.11,17,1670,4,Wednesday
1624580081,2016-04-30,4.3,6474,0.9,11,1655,7,Saturday
1624580081,2016-05-01,28.03,36019,21.92,186,2690,1,Sunday
1624580081,2016-05-02,4.93,7155,0.86,7,1497,2,Monday
1644430081,2016-04-13,5.82,8001,2.28,30,2902,4,Wednesday
1644430081,2016-04-15,3.83,5263,0.22,3,2750,6,Friday
1644430081,2016-04-16,11.12,15300,4.1,51,3493,7,Saturday
1644430081,2016-04-17,6.37,8757,2.25,29,3011,1,Sunday
1644430081,2016-04-18,5.19,7132,1.07,15,2806,2,Monday
1644430081,2016-04-26,7.21,9919,0.8,11,3123,3,Tuesday
1644430081,2016-04-30,13.24,18213,0.63,9,3846,7,Saturday
1644430081,2016-05-01,4.46,6132,0.24,3,2696,1,Sunday
1644430081,2016-05-03,9.34,12850,0.72,10,3324,3,Tuesday
1644430081,2016-05-05,3.19,4363,0.52,6,2463,5,Thursday
1644430081,2016-05-06,7.12,9787,0.82,11,3328,6,Friday
1644430081,2016-05-07,9.72,13372,3.26,41,3404,7,Saturday
1644430081,2016-05-09,4.83,6643,2.39,32,3008,2,Monday
1644430081,2016-05-10,6.66,9167,0.88,12,2799,3,Tuesday
1844505072,2016-04-21,5.32,8054,0.12,2,2062,5,Thursday
1927972279,2016-05-02,2.62,3790,1.16,16,2505,2,Monday
1927972279,2016-05-03,0.92,1326,0.73,10,2195,3,Tuesday
2022484408,2016-04-12,8.34,11875,3.31,42,2390,3,Tuesday
2022484408,2016-04-13,8.5,12024,2.99,43,2601,4,Wednesday
2022484408,2016-04-14,7.5,10690,2.48,32,2312,5,Thursday
2022484408,2016-04-15,8.03,11034,1.94,27,2525,6,Friday
2022484408,2016-04-16,7.09,10100,3.15,41,2177,7,Saturday
2022484408,2016-04-17,11.4,15112,3.87,28,2782,1,Sunday
2022484408,2016-04-18,10.07,14131,3.64,48,2770,2,Monday
2022484408,2016-04-19,8.53,11548,3.29,31,2489,3,Tuesday
2022484408,2016-04-20,10.67,15112,3.34,48,2897,4,Wednesday
2022484408,2016-04-22,9.33,12954,4.43,52,2638,6,Friday
2022484408,2016-04-24,10.28,13481,4.55,37,2529,1,Sunday
2022484408,2016-04-25,8.01,11369,3.33,44,2470,2,Monday
2022484408,2016-04-27,7.13,10159,1.04,19,2463,4,Wednesday
2022484408,2016-04-28,7.12,10140,0.41,6,2296,5,Thursday
2022484408,2016-04-30,12.91,18387,0.94,13,2732,7,Saturday
2022484408,2016-05-01,7.4,10538,1.94,25,2380,1,Sunday
2022484408,2016-05-02,7.29,10379,2.61,36,2473,2,Monday
2022484408,2016-05-04,8.29,11768,2.51,36,2649,4,Wednesday
2022484408,2016-05-06,7.18,10227,1.87,24,2498,6,Friday
2022484408,2016-05-07,4.71,6708,1.61,20,1995,7,Saturday
2022484408,2016-05-09,9.39,13379,2.12,35,2709,2,Monday
2022484408,2016-05-10,8.98,12798,2.22,57,2797,3,Tuesday
2022484408,2016-05-11,9.32,13272,4.18,58,2544,4,Wednesday
2022484408,2016-05-12,6.41,9117,1.28,16,1853,5,Thursday
2026352035,2016-04-12,2.74,4414,0.19,3,1459,3,Tuesday
2320127002,2016-04-12,7.49,10725,1.17,13,2124,3,Tuesday
2320127002,2016-04-25,2.42,3588,0.23,3,1654,2,Monday
2320127002,2016-05-03,5.02,7443,1.49,20,1878,3,Tuesday
2347167796,2016-04-12,6.83,10113,2,28,2344,3,Tuesday
2347167796,2016-04-13,7.01,10352,1.66,19,2038,4,Wednesday
2347167796,2016-04-14,6.7,10129,0.02,1,2010,5,Thursday
2347167796,2016-04-16,15.08,22244,5.45,66,2670,7,Saturday
2347167796,2016-04-18,5.45,8247,0.79,11,1944,2,Monday
2347167796,2016-04-21,6.75,10080,1.85,23,2048,5,Thursday
2347167796,2016-04-22,5.16,7804,0.56,9,1946,6,Friday
2347167796,2016-04-23,11.37,16901,2.78,32,2629,7,Saturday
2347167796,2016-04-25,6.38,9482,1.27,15,2095,2,Monday
2347167796,2016-04-27,7.58,11423,1.86,26,2194,4,Wednesday
2873212765,2016-04-12,5.91,8796,0.11,2,1982,3,Tuesday
2873212765,2016-04-16,6.65,9685,3.11,47,2148,7,Saturday
2873212765,2016-04-20,6.3,9202,1.51,22,2094,4,Wednesday
2873212765,2016-04-23,6.35,9317,2.09,28,2021,7,Saturday
2873212765,2016-04-24,4.68,6873,3,46,1898,1,Sunday
2873212765,2016-04-26,5.54,8242,0.12,2,1882,3,Tuesday
2873212765,2016-04-28,5.41,7913,2.16,28,1835,5,Thursday
2873212765,2016-05-01,4.97,7399,0.49,7,1739,1,Sunday
2873212765,2016-05-05,5.61,8314,0.78,13,1971,5,Thursday
2873212765,2016-05-07,3.38,4940,2.28,75,1897,7,Saturday
2873212765,2016-05-08,5.54,8168,2.9,46,2096,1,Sunday
3372868164,2016-04-13,6.63,9715,0.99,16,2093,4,Wednesday
3372868164,2016-04-17,5.88,8199,1.41,11,1964,1,Sunday
3372868164,2016-04-18,4.64,6798,1.08,20,2014,2,Monday
3372868164,2016-04-20,3.33,4880,0.84,15,1867,4,Wednesday
3372868164,2016-04-21,6.07,8857,1.15,18,2124,5,Thursday
3372868164,2016-04-23,5.07,7396,1.4,20,1995,7,Saturday
3372868164,2016-04-24,4.59,6731,0.89,14,1921,1,Sunday
3372868164,2016-04-26,5.79,8283,1.85,22,2057,3,Tuesday
3372868164,2016-04-27,5.42,7904,1.58,24,2095,4,Wednesday
3977333714,2016-04-12,5.98,8856,3.06,44,1450,3,Tuesday
3977333714,2016-04-14,5.11,7641,0.32,5,1433,5,Thursday
3977333714,2016-04-15,6.06,9010,1.05,15,1468,6,Friday
3977333714,2016-04-17,6.97,10415,0.7,11,1529,1,Sunday
3977333714,2016-04-18,7.8,11663,0.25,4,1584,2,Monday
3977333714,2016-04-19,8.78,12414,2.24,19,1638,3,Tuesday
3977333714,2016-04-22,5.96,8911,2.33,33,1481,6,Friday
3977333714,2016-04-24,10,14112,3.27,30,1655,1,Sunday
3977333714,2016-04-25,8.48,11177,5.62,50,1570,2,Monday
3977333714,2016-04-26,7.62,11388,0.45,7,1551,3,Tuesday
3977333714,2016-04-29,7.75,10645,3.74,36,1545,6,Friday
3977333714,2016-04-30,9.2,13238,3.69,43,1650,7,Saturday
3977333714,2016-05-01,7.07,10414,2.67,41,1501,1,Sunday
3977333714,2016-05-02,11.05,16520,1.54,24,1760,2,Monday
3977333714,2016-05-03,9.59,14335,3.32,47,1710,3,Tuesday
3977333714,2016-05-04,9.44,13559,1.81,14,1628,4,Wednesday
3977333714,2016-05-05,8.58,12312,1.76,14,1618,5,Thursday
3977333714,2016-05-06,8.28,11677,3.11,29,1590,6,Friday
3977333714,2016-05-09,10.08,14687,0.77,8,1667,2,Monday
4020332650,2016-04-16,1.42,1982,0.45,65,3051,7,Saturday
4020332650,2016-05-04,7.35,10252,0.67,13,3879,4,Wednesday
4020332650,2016-05-05,8.43,11728,2.62,38,3429,5,Thursday
4020332650,2016-05-11,2.65,3689,0.11,2,2645,4,Wednesday
4319703577,2016-04-14,6.88,10210,0.11,1,2302,5,Thursday
4319703577,2016-04-26,6.64,9899,0.57,8,2236,3,Tuesday
4319703577,2016-04-27,7.23,10780,0.41,6,2324,4,Wednesday
4319703577,2016-04-29,5.36,7990,0.45,6,2175,6,Friday
4319703577,2016-04-30,5.52,8221,0.4,6,2092,7,Saturday
4319703577,2016-05-03,6.47,9648,0.58,8,2235,3,Tuesday
4319703577,2016-05-05,9.49,13658,2.63,27,2530,5,Thursday
4319703577,2016-05-06,6.42,9524,0.41,6,2266,6,Friday
4319703577,2016-05-07,5.33,7937,0.19,3,2158,7,Saturday
4388161847,2016-04-18,9.1,11009,3.56,27,3274,2,Monday
4388161847,2016-04-20,8.12,10553,1.1,19,3083,4,Wednesday
4388161847,2016-04-22,9.34,12139,3.3,77,3544,6,Friday
4388161847,2016-04-23,10.18,13236,4.5,58,3306,7,Saturday
4388161847,2016-04-24,7.88,10243,1.08,14,2885,1,Sunday
4388161847,2016-04-25,9.97,12961,0.73,11,3288,2,Monday
4388161847,2016-04-26,7.28,9461,0.94,14,2929,3,Tuesday
4388161847,2016-04-27,8.61,11193,0.7,11,3074,4,Wednesday
4388161847,2016-04-28,7.75,10074,1.29,19,2969,5,Thursday
4388161847,2016-04-29,7.1,9232,0.8,13,2979,6,Friday
4388161847,2016-04-30,9.64,12533,0.7,14,3283,7,Saturday
4388161847,2016-05-02,8.4,10096,3.77,33,3147,2,Monday
4388161847,2016-05-03,9.79,12727,1.13,18,3290,3,Tuesday
4388161847,2016-05-05,7.38,9603,0.63,12,2899,5,Thursday
4388161847,2016-05-06,10.13,13175,2.11,33,3425,6,Friday
4388161847,2016-05-07,17.54,22770,9.45,120,4022,7,Saturday
4388161847,2016-05-08,14.38,17298,9.89,107,3934,1,Sunday
4388161847,2016-05-10,7.92,10299,0.81,13,3061,3,Tuesday
4445114986,2016-04-18,4.24,6155,2,25,2248,2,Monday
4445114986,2016-04-26,4.41,6326,2.41,29,2291,3,Tuesday
4445114986,2016-04-27,5.03,7243,2.62,32,2361,4,Wednesday
4445114986,2016-05-02,4.75,6910,2.21,27,2336,2,Monday
4445114986,2016-05-03,5.18,7502,2.48,30,2421,3,Tuesday
4445114986,2016-05-05,2.55,3800,0.12,2,2120,5,Thursday
4445114986,2016-05-07,3.59,5183,2.13,26,2123,7,Saturday
4445114986,2016-05-11,6.11,9105,2.25,34,2499,4,Wednesday
4558609924,2016-04-13,3.29,4978,1.24,19,1722,4,Wednesday
4558609924,2016-04-16,4.82,7289,0.55,8,1997,7,Saturday
4558609924,2016-04-17,6.4,9634,0.55,7,2117,1,Sunday
4558609924,2016-04-18,5.91,8940,0.98,14,2116,2,Monday
4558609924,2016-04-19,3.57,5401,0.05,1,1876,3,Tuesday
4558609924,2016-04-21,9.08,13743,0.42,6,2486,5,Thursday
4558609924,2016-04-26,6.05,9148,0.43,12,2223,3,Tuesday
4558609924,2016-04-27,6.32,9557,1.96,27,2098,4,Wednesday
4558609924,2016-04-28,6.25,9451,0.02,1,2185,5,Thursday
4558609924,2016-04-29,5.18,7833,1.02,15,1918,6,Friday
4558609924,2016-05-03,3.48,5267,0.6,21,1953,3,Tuesday
4558609924,2016-05-07,5.44,8237,1.61,23,1973,7,Saturday
4558609924,2016-05-09,7.57,11451,0.43,6,2223,2,Monday
4558609924,2016-05-10,4.25,6435,0.74,11,1889,3,Tuesday
4558609924,2016-05-11,6.02,9108,0.26,4,2131,4,Wednesday
4702921684,2016-04-16,9.03,11140,0.24,3,3328,7,Saturday
4702921684,2016-04-17,10.29,12692,0.96,12,3394,1,Sunday
4702921684,2016-04-18,7.38,9105,1.82,22,3013,2,Monday
4702921684,2016-04-19,5.44,6708,0.88,10,2812,3,Tuesday
4702921684,2016-04-20,7.13,8793,0.16,2,3061,4,Wednesday
4702921684,2016-04-21,5.3,6530,0.31,4,2729,5,Thursday
4702921684,2016-04-23,12.27,15126,0.76,9,3691,7,Saturday
4702921684,2016-04-24,12.22,15050,1.2,15,3538,1,Sunday
4702921684,2016-04-25,7.43,9167,0.49,6,3064,2,Monday
4702921684,2016-04-27,5.72,7047,0.09,1,2908,4,Wednesday
4702921684,2016-04-28,7.32,9023,1.13,14,3033,5,Thursday
4702921684,2016-04-30,8.23,10144,0.32,4,3115,7,Saturday
4702921684,2016-05-02,5.92,7245,0.38,5,2859,2,Monday
4702921684,2016-05-05,6.99,8614,0.67,8,3006,5,Thursday
4702921684,2016-05-11,7.96,9810,0.78,10,3069,4,Wednesday
5553957443,2016-04-14,11.12,17022,4,61,2324,5,Thursday
5553957443,2016-04-15,10.86,16556,4.16,58,2254,6,Friday
5553957443,2016-04-19,10.11,15482,4.28,69,2284,3,Tuesday
5553957443,2016-04-21,8.06,12346,2.95,47,2066,5,Thursday
5553957443,2016-04-22,7.63,11682,1.38,25,2105,6,Friday
5553957443,2016-04-26,7.76,11886,2.37,40,2093,3,Tuesday
5553957443,2016-04-27,6.88,10538,1.14,16,1922,4,Wednesday
5553957443,2016-04-28,7.63,11393,3.71,49,1999,5,Thursday
5553957443,2016-05-03,8.39,12848,1.5,26,2116,3,Tuesday
5553957443,2016-05-05,9.51,14331,3.43,44,2156,5,Thursday
5553957443,2016-05-06,6.29,9632,1.52,21,1916,6,Friday
5553957443,2016-05-08,4,6083,0.22,3,1762,1,Sunday
5553957443,2016-05-09,7.58,11611,2.13,59,2272,2,Monday
5553957443,2016-05-10,10.71,16358,3.87,61,2335,3,Tuesday
5553957443,2016-05-12,2.04,3121,0.58,8,741,5,Thursday
5577150313,2016-04-12,6.08,8135,3.6,86,3405,3,Tuesday
5577150313,2016-04-13,3.79,5077,0.32,15,2551,4,Wednesday
5577150313,2016-04-14,6.42,8596,3.33,118,4022,5,Thursday
5577150313,2016-04-15,9.08,12087,3.92,115,4005,6,Friday
5577150313,2016-04-16,10.66,14269,6.64,184,4274,7,Saturday
5577150313,2016-04-17,9.14,12231,5.98,200,4552,1,Sunday
5577150313,2016-04-18,7.39,9893,4.86,114,3625,2,Monday
5577150313,2016-04-19,9.42,12574,7.02,108,3501,3,Tuesday
5577150313,2016-04-20,6.22,8330,4.12,87,3192,4,Wednesday
5577150313,2016-04-21,8.09,10830,3.65,110,4018,5,Thursday
5577150313,2016-04-22,6.85,9172,2.42,62,3329,6,Friday
5577150313,2016-04-23,5.71,7638,1.21,24,3152,7,Saturday
5577150313,2016-04-24,11.78,15764,7.65,210,4392,1,Sunday
5577150313,2016-04-25,4.78,6393,1.35,61,3374,2,Monday
5577150313,2016-04-26,3.98,5325,0.85,38,3088,3,Tuesday
5577150313,2016-04-27,5.14,6805,1.81,63,3294,4,Wednesday
5577150313,2016-04-28,7.43,9841,3.25,99,3580,5,Thursday
5577150313,2016-04-29,5.92,7924,2.84,97,3544,6,Friday
5577150313,2016-04-30,9.24,12363,5.83,207,4501,7,Saturday
5577150313,2016-05-01,9.99,13368,5.31,194,4546,1,Sunday
5577150313,2016-05-02,5.56,7439,1.12,37,3014,2,Monday
5577150313,2016-05-03,8.25,11045,4.52,97,3795,3,Tuesday
5577150313,2016-05-04,3.89,5206,1.56,25,2755,4,Wednesday
5577150313,2016-05-05,5.64,7550,2.5,45,3004,5,Thursday
5577150313,2016-05-06,3.7,4950,1.93,41,2643,6,Friday
5577150313,2016-05-09,2.56,3421,1.43,34,2489,2,Monday
5577150313,2016-05-10,6.65,8869,2.56,104,3841,3,Tuesday
5577150313,2016-05-11,3.04,4038,1.83,45,1665,4,Wednesday
6117666160,2016-04-16,10.91,14450,0.58,7,2828,7,Saturday
6117666160,2016-04-21,15.01,19542,0.98,11,4900,5,Thursday
6290855005,2016-04-17,5.94,7851,1.14,31,3171,1,Sunday
6290855005,2016-05-01,7.44,9837,0.66,8,3327,1,Sunday
6775888955,2016-04-13,2.91,4053,1.11,17,2400,4,Wednesday
6775888955,2016-04-14,3.7,5162,0.87,14,2507,5,Thursday
6775888955,2016-04-16,3.39,4732,2.52,36,2225,7,Saturday
6775888955,2016-04-18,5.95,8294,2,30,2798,2,Monday
6775888955,2016-04-20,7.72,10771,3.77,70,3727,4,Wednesday
6775888955,2016-04-24,1.54,2153,0.77,11,2053,1,Sunday
6775888955,2016-04-25,4.64,6474,2.27,33,2484,2,Monday
6775888955,2016-04-26,5.27,7091,3.48,42,2584,3,Tuesday
6775888955,2016-05-01,1.78,2487,0.48,9,2319,1,Sunday
6775888955,2016-05-06,3.37,4697,0.47,12,2496,6,Friday
6962181067,2016-04-12,6.74,10199,3.4,50,1994,3,Tuesday
6962181067,2016-04-13,3.74,5652,0.57,8,1718,4,Wednesday
6962181067,2016-04-18,7.54,11404,0.83,13,2039,2,Monday
6962181067,2016-04-19,7.1,10742,2.1,35,2046,3,Tuesday
6962181067,2016-04-20,9.55,13928,4.28,48,2174,4,Wednesday
6962181067,2016-04-21,9.71,11835,3.99,53,2179,5,Thursday
6962181067,2016-04-22,7.09,10725,1.77,30,2086,6,Friday
6962181067,2016-04-23,13.24,20031,4.2,58,2571,7,Saturday
6962181067,2016-04-25,9.27,13239,3.02,35,2194,2,Monday
6962181067,2016-04-26,6.9,10433,2.58,36,2012,3,Tuesday
6962181067,2016-04-28,8.35,12627,2.51,38,2182,5,Thursday
6962181067,2016-04-29,7.11,10762,0.82,12,2254,6,Friday
6962181067,2016-04-30,6.66,10081,2.24,32,2002,7,Saturday
6962181067,2016-05-02,8.54,12912,1.2,18,2162,2,Monday
6962181067,2016-05-03,8.12,12109,1.74,21,2072,3,Tuesday
6962181067,2016-05-05,6.96,10524,0.99,14,2066,5,Thursday
6962181067,2016-05-09,8.72,12342,3.9,43,2105,2,Monday
6962181067,2016-05-10,10.21,15448,3.47,62,2361,3,Tuesday
6962181067,2016-05-11,4.44,6722,1.49,24,1855,4,Wednesday
7007744171,2016-04-12,10.29,14172,4.5,53,2937,3,Tuesday
7007744171,2016-04-13,9.65,12862,4.61,56,2742,4,Wednesday
7007744171,2016-04-14,8.24,11179,2.95,34,2668,5,Thursday
7007744171,2016-04-18,10.98,14816,3.79,48,2832,2,Monday
7007744171,2016-04-19,10.48,14194,4.41,53,2812,3,Tuesday
7007744171,2016-04-20,11.31,15566,4.79,60,3096,4,Wednesday
7007744171,2016-04-21,9.19,13744,2.15,30,2763,5,Thursday
7007744171,2016-04-22,10.24,15299,4.1,64,2889,6,Friday
7007744171,2016-04-25,13.34,18229,4.31,51,3055,2,Monday
7007744171,2016-04-26,10.1,15090,0.93,16,2939,3,Tuesday
7007744171,2016-04-27,10.22,13541,4.27,50,2830,4,Wednesday
7007744171,2016-04-28,10.12,15128,1.09,16,2836,5,Thursday
7007744171,2016-04-29,14.3,20067,4.31,55,3180,6,Friday
7007744171,2016-05-02,9.18,13041,4.64,64,2642,2,Monday
7007744171,2016-05-03,10.87,14510,4.48,58,2976,3,Tuesday
7007744171,2016-05-05,11.1,15010,4.33,53,2933,5,Thursday
7007744171,2016-05-06,7.67,11459,3,44,2553,6,Friday
7086361926,2016-04-12,8.41,11317,5.27,59,2772,3,Tuesday
7086361926,2016-04-13,3.62,5813,0.56,31,2516,4,Wednesday
7086361926,2016-04-15,5.67,8585,2.04,30,2395,6,Friday
7086361926,2016-04-19,7.29,10688,3.53,67,2944,3,Tuesday
7086361926,2016-04-20,10.64,14365,7.64,87,2997,4,Wednesday
7086361926,2016-04-21,6.18,9469,1.36,19,2463,5,Thursday
7086361926,2016-04-22,6.53,9753,2.87,58,2846,6,Friday
7086361926,2016-04-26,7.07,10387,4.16,70,2781,3,Tuesday
7086361926,2016-04-27,8.34,11107,5.63,55,2693,4,Wednesday
7086361926,2016-04-30,9.41,14560,3.12,42,2995,7,Saturday
7086361926,2016-05-01,8.07,12390,2.3,30,2730,1,Sunday
7086361926,2016-05-02,6.81,10052,3.48,66,2754,2,Monday
7086361926,2016-05-03,6.76,10288,2.74,57,2754,3,Tuesday
7086361926,2016-05-04,8.31,10988,5.28,45,2655,4,Wednesday
7086361926,2016-05-05,5.6,8564,1.78,24,2386,5,Thursday
7086361926,2016-05-06,8.38,12461,3.82,84,2924,6,Friday
7086361926,2016-05-07,8.48,12827,1.46,20,2739,7,Saturday
7086361926,2016-05-08,7.1,10677,2.31,32,2534,1,Sunday
7086361926,2016-05-09,9.11,13566,4.26,67,2960,2,Monday
7086361926,2016-05-10,10.79,14433,7.11,72,2800,3,Tuesday
7086361926,2016-05-11,6.52,9572,2.89,57,2735,4,Wednesday
7086361926,2016-05-12,2.56,3789,0.38,5,1199,5,Thursday
8053475328,2016-04-12,14.12,18060,11.64,116,3186,3,Tuesday
8053475328,2016-04-13,13.35,16433,10.43,95,3140,4,Wednesday
8053475328,2016-04-14,15.97,20159,12.34,119,3411,5,Thursday
8053475328,2016-04-15,16.24,20669,13.26,132,3410,6,Friday
8053475328,2016-04-16,11.11,14549,9.36,96,2867,7,Saturday
8053475328,2016-04-17,13.69,18827,9.24,111,3213,1,Sunday
8053475328,2016-04-18,12.66,17076,9.08,102,3133,2,Monday
8053475328,2016-04-19,12.48,15929,9.22,90,3114,3,Tuesday
8053475328,2016-04-20,12.19,15108,9.58,89,3043,4,Wednesday
8053475328,2016-04-21,12.51,16057,9.67,100,3103,5,Thursday
8053475328,2016-04-22,8.29,10520,6.26,60,2655,6,Friday
8053475328,2016-04-23,17.19,22359,12.54,125,3554,7,Saturday
8053475328,2016-04-24,17.95,22988,13.13,129,3577,1,Sunday
8053475328,2016-04-25,15.69,20500,11.37,118,3403,2,Monday
8053475328,2016-04-26,9.62,12685,6.31,68,2846,3,Tuesday
8053475328,2016-04-27,9.82,12422,6.46,60,2852,4,Wednesday
8053475328,2016-04-28,12.4,15447,9.67,90,3062,5,Thursday
8053475328,2016-04-29,9.65,12315,6.17,58,2794,6,Friday
8053475328,2016-04-30,5.59,7135,2.99,27,2408,7,Saturday
8053475328,2016-05-03,11.9,15484,8.39,87,3023,3,Tuesday
8053475328,2016-05-04,11.15,14581,8.82,89,2918,4,Wednesday
8053475328,2016-05-05,11.51,14990,8.85,93,2950,5,Thursday
8053475328,2016-05-06,11,13953,9.1,90,2859,6,Friday
8053475328,2016-05-07,15.67,19769,12.44,121,3331,7,Saturday
8053475328,2016-05-08,17.65,22026,13.4,125,3589,1,Sunday
8053475328,2016-05-09,9.38,12465,6.12,66,2765,2,Monday
8053475328,2016-05-10,11.36,14810,9.09,96,2926,3,Tuesday
8053475328,2016-05-11,9.4,12209,6.08,60,2809,4,Wednesday
8253242879,2016-04-12,7.16,9033,5.43,40,2044,3,Tuesday
8253242879,2016-04-13,6.1,8053,4.17,35,1935,4,Wednesday
8253242879,2016-04-14,3.46,5234,1.93,29,1705,5,Thursday
8253242879,2016-04-16,6.14,9256,0.43,6,1880,7,Saturday
8253242879,2016-04-17,7.91,10204,5.43,41,2112,1,Sunday
8253242879,2016-04-18,3.48,5151,1.04,16,1829,2,Monday
8253242879,2016-04-21,8.56,11268,5.88,49,2218,5,Thursday
8253242879,2016-04-23,6.26,9282,2.09,30,2132,7,Saturday
8253242879,2016-04-24,7.13,8905,5.6,41,1976,1,Sunday
8253242879,2016-04-26,3.04,4562,1.18,19,1813,3,Tuesday
8253242879,2016-04-27,8.18,10232,6.24,45,2008,4,Wednesday
8253242879,2016-04-28,1.8,2718,0.67,11,1580,5,Thursday
8253242879,2016-04-29,4.26,6260,1.29,16,1854,6,Friday
8378563200,2016-04-12,6.05,7626,0.83,65,3635,3,Tuesday
8378563200,2016-04-13,9.82,12386,4.96,116,4079,4,Wednesday
8378563200,2016-04-14,10.56,13318,5.62,123,4163,5,Thursday
8378563200,2016-04-15,11.47,14461,4.91,60,3666,6,Friday
8378563200,2016-04-16,8.89,11207,5.37,64,3363,7,Saturday
8378563200,2016-04-18,10.81,13630,5.05,117,4157,2,Monday
8378563200,2016-04-19,10.36,13070,5.3,120,4092,3,Tuesday
8378563200,2016-04-20,7.44,9388,2.23,82,3787,4,Wednesday
8378563200,2016-04-21,12.01,15148,6.9,137,4236,5,Thursday
8378563200,2016-04-22,9.67,12200,4.91,113,4044,6,Friday
8378563200,2016-04-23,4.53,5709,1.52,19,2908,7,Saturday
8378563200,2016-04-25,9.84,12405,5.05,117,4005,2,Monday
8378563200,2016-04-26,12.85,16208,7.51,90,3763,3,Tuesday
8378563200,2016-04-28,4.3,5417,0.9,11,2884,5,Thursday
8378563200,2016-05-01,9.06,11419,6.03,71,3369,1,Sunday
8378563200,2016-05-02,4.81,6064,0.63,63,3491,2,Monday
8378563200,2016-05-03,6.91,8712,1.34,71,3784,3,Tuesday
8378563200,2016-05-04,6.24,7875,1.56,19,3110,4,Wednesday
8378563200,2016-05-05,6.79,8567,0.89,66,3783,5,Thursday
8378563200,2016-05-06,5.59,7045,1.55,74,3644,6,Friday
8378563200,2016-05-09,6.65,8382,1.27,71,3721,2,Monday
8378563200,2016-05-10,5.22,6582,0.66,63,3586,3,Tuesday
8378563200,2016-05-11,7.25,9143,1.39,72,3788,4,Wednesday
8378563200,2016-05-12,3.62,4561,0.65,8,1976,5,Thursday
8583815059,2016-04-18,3.01,3864,0.31,4,2536,2,Monday
8583815059,2016-04-21,6.66,8538,2.63,35,2883,5,Thursday
8583815059,2016-04-22,6.78,8687,0.29,4,2944,6,Friday
8583815059,2016-04-27,9.73,12474,6.6,77,3142,4,Wednesday
8583815059,2016-04-29,11.83,15168,3.9,46,3513,6,Friday
8583815059,2016-05-01,3.52,4512,0.78,10,2596,1,Sunday
8583815059,2016-05-09,7.7,9877,5.76,66,2947,2,Monday
8583815059,2016-05-10,6.43,8240,0.69,9,2846,3,Tuesday
8792009665,2016-04-23,3.36,5245,0.16,8,2748,7,Saturday
8792009665,2016-04-24,0.26,400,0.04,3,1799,1,Sunday
8877689391,2016-04-12,20.4,23186,12.22,85,3921,3,Tuesday
8877689391,2016-04-13,9.58,15337,3.55,108,3566,4,Wednesday
8877689391,2016-04-14,18.98,21129,10.55,68,3793,5,Thursday
8877689391,2016-04-15,7.17,13422,0.05,106,3934,6,Friday
8877689391,2016-04-16,25.29,29326,13.24,94,4547,7,Saturday
8877689391,2016-04-18,8.67,11423,2.44,29,2761,2,Monday
8877689391,2016-04-19,17.4,18785,12.15,82,3676,3,Tuesday
8877689391,2016-04-20,18.11,19948,11.02,73,3679,4,Wednesday
8877689391,2016-04-21,17.62,19377,12.29,82,3659,5,Thursday
8877689391,2016-04-22,16.31,18258,10.23,61,3427,6,Friday
8877689391,2016-04-24,15.74,16674,11.01,64,3455,1,Sunday
8877689391,2016-04-26,8.43,11101,1.76,22,2860,3,Tuesday
8877689391,2016-04-27,20.65,23629,13.07,93,3808,4,Wednesday
8877689391,2016-04-28,11.3,14890,4.93,58,3060,5,Thursday
8877689391,2016-04-29,7.39,9733,1.38,18,2698,6,Friday
8877689391,2016-04-30,26.72,27745,21.66,124,4398,7,Saturday
8877689391,2016-05-01,8.32,10930,3.13,36,2786,1,Sunday
8877689391,2016-05-03,8.21,10818,1.39,19,2817,3,Tuesday
8877689391,2016-05-04,16.3,18193,10.42,66,3477,4,Wednesday
8877689391,2016-05-05,10.67,14055,5.46,67,3052,5,Thursday
8877689391,2016-05-06,19.34,21727,12.79,96,4015,6,Friday
8877689391,2016-05-08,8.11,10686,1.08,17,2847,1,Sunday
8877689391,2016-05-09,18.25,20226,11.1,73,3710,2,Monday
8877689391,2016-05-10,8.15,10733,1.35,18,2832,3,Tuesday
8877689391,2016-05-11,19.56,21420,13.22,88,3832,4,Wednesday
8877689391,2016-05-12,6.12,8064,1.82,23,1849,5,Thursday
1624580081,2016-04-12,5.31,8163,0,0,1432,3,Tuesday
1624580081,2016-04-13,4.55,7007,0,0,1411,4,Wednesday
1624580081,2016-04-14,5.92,9107,0,0,1572,5,Thursday
1624580081,2016-04-15,0.98,1510,0,0,1344,6,Friday
1624580081,2016-04-16,3.49,5370,0,0,1463,7,Saturday
1624580081,2016-04-19,1.9,2916,0,0,1435,3,Tuesday
1624580081,2016-04-20,3.23,4974,0,0,1446,4,Wednesday
1624580081,2016-04-21,4.13,6349,0,0,1467,5,Thursday
1624580081,2016-04-22,2.62,4026,0,0,1470,6,Friday
1624580081,2016-04-23,5.55,8538,0,0,1562,7,Saturday
1624580081,2016-04-25,4.22,6497,0,0,1492,2,Monday
1624580081,2016-04-26,1.84,2826,0,0,1402,3,Tuesday
1624580081,2016-04-29,1.55,2390,0,0,1404,6,Friday
1624580081,2016-05-03,1.37,2100,0,0,1334,3,Tuesday
1624580081,2016-05-04,1.43,2193,0,0,1368,4,Wednesday
1624580081,2016-05-05,1.61,2470,0,0,1370,5,Thursday
1624580081,2016-05-06,1.12,1727,0,0,1341,6,Friday
1624580081,2016-05-07,1.37,2104,0,0,1474,7,Saturday
1624580081,2016-05-08,2.23,3427,0,0,1427,1,Sunday
1624580081,2016-05-09,1.13,1732,0,0,1328,2,Monday
1624580081,2016-05-10,1.93,2969,0,0,1393,3,Tuesday
1624580081,2016-05-11,2.04,3134,0,0,1359,4,Wednesday
1624580081,2016-05-12,1.93,2971,0,0,1002,5,Thursday
1644430081,2016-04-20,1.77,2436,0,0,2430,4,Wednesday
1644430081,2016-04-21,0.89,1223,0,0,2140,5,Thursday
1644430081,2016-04-22,2.67,3673,0,0,2344,6,Friday
1644430081,2016-04-23,4.83,6637,0,0,2677,7,Saturday
1644430081,2016-04-24,2.41,3321,0,0,2413,1,Sunday
1644430081,2016-04-27,2.2,3032,0,0,2489,4,Wednesday
1644430081,2016-04-29,2.31,3176,0,0,2498,6,Friday
1644430081,2016-05-04,1.68,2309,0,0,2222,4,Wednesday
1644430081,2016-05-08,4.89,6724,0,0,2987,1,Sunday
1644430081,2016-05-11,0.97,1329,0,0,1276,4,Wednesday
1844505072,2016-04-12,4.43,6697,0,0,2030,3,Tuesday
1844505072,2016-04-13,3.26,4929,0,0,1860,4,Wednesday
1844505072,2016-04-14,5.25,7937,0,0,2130,5,Thursday
1844505072,2016-04-15,2.54,3844,0,0,1725,6,Friday
1844505072,2016-04-16,2.26,3414,0,0,1657,7,Saturday
1844505072,2016-04-18,3.04,4597,0,0,1814,2,Monday
1844505072,2016-04-19,0.13,197,0,0,1366,3,Tuesday
1844505072,2016-04-22,3.55,5372,0,0,1827,6,Friday
1844505072,2016-04-23,2.36,3570,0,0,1645,7,Saturday
1844505072,2016-04-28,4.57,6907,0,0,1992,5,Thursday
1844505072,2016-04-29,3.25,4920,0,0,1856,6,Friday
1844505072,2016-04-30,2.67,4014,0,0,1763,7,Saturday
1844505072,2016-05-01,1.7,2573,0,0,1541,1,Sunday
1844505072,2016-05-04,1.37,2080,0,0,1549,4,Wednesday
1844505072,2016-05-05,1.48,2237,0,0,1589,5,Thursday
1844505072,2016-05-06,0.03,44,0,0,1351,6,Friday
1927972279,2016-04-12,0.47,678,0,0,2220,3,Tuesday
1927972279,2016-04-13,0.25,356,0,0,2151,4,Wednesday
1927972279,2016-04-14,1.5,2163,0,0,2383,5,Thursday
1927972279,2016-04-15,0.68,980,0,0,2221,6,Friday
1927972279,2016-04-18,0.17,244,0,0,2111,2,Monday
1927972279,2016-04-22,0.1,149,0,0,2093,6,Friday
1927972279,2016-04-23,2.04,2945,0,0,2499,7,Saturday
1927972279,2016-04-25,0.11,152,0,0,2100,2,Monday
1927972279,2016-04-28,1.16,1675,0,0,2351,5,Thursday
1927972279,2016-05-04,1.24,1786,0,0,2338,4,Wednesday
1927972279,2016-05-06,1.45,2091,0,0,2383,6,Friday
1927972279,2016-05-07,1.04,1510,0,0,2229,7,Saturday
2022484408,2016-04-23,4.21,6001,0,0,2069,7,Saturday
2022484408,2016-05-08,2.31,3292,0,0,1848,1,Sunday
2026352035,2016-04-13,3.1,4993,0,0,1521,4,Wednesday
2026352035,2016-04-14,2.07,3335,0,0,1431,5,Thursday
2026352035,2016-04-15,2.37,3821,0,0,1444,6,Friday
2026352035,2016-04-16,1.58,2547,0,0,1373,7,Saturday
2026352035,2016-04-17,0.52,838,0,0,1214,1,Sunday
2026352035,2016-04-18,2.06,3325,0,0,1419,2,Monday
2026352035,2016-04-19,1.5,2424,0,0,1356,3,Tuesday
2026352035,2016-04-20,4.48,7222,0,0,1667,4,Wednesday
2026352035,2016-04-21,1.53,2467,0,0,1370,5,Thursday
2026352035,2016-04-22,1.81,2915,0,0,1399,6,Friday
2026352035,2016-04-23,7.71,12357,0,0,1916,7,Saturday
2026352035,2016-04-24,2.16,3490,0,0,1401,1,Sunday
2026352035,2016-04-25,3.73,6017,0,0,1576,2,Monday
2026352035,2016-04-26,3.68,5933,0,0,1595,3,Tuesday
2026352035,2016-04-27,3.77,6088,0,0,1593,4,Wednesday
2026352035,2016-04-28,3.95,6375,0,0,1649,5,Thursday
2026352035,2016-04-29,4.71,7604,0,0,1692,6,Friday
2026352035,2016-04-30,2.93,4729,0,0,1506,7,Saturday
2026352035,2016-05-01,2.28,3609,0,0,1447,1,Sunday
2026352035,2016-05-02,4.35,7018,0,0,1690,2,Monday
2026352035,2016-05-03,3.72,5992,0,0,1604,3,Tuesday
2026352035,2016-05-04,4.07,6564,0,0,1658,4,Wednesday
2026352035,2016-05-05,7.54,12167,0,0,1926,5,Thursday
2026352035,2016-05-06,5.08,8198,0,0,1736,6,Friday
2026352035,2016-05-08,3.45,5528,0,0,1555,1,Sunday
2026352035,2016-05-09,6.62,10685,0,0,1869,2,Monday
2026352035,2016-05-10,0.16,254,0,0,1141,3,Tuesday
2026352035,2016-05-11,5.32,8580,0,0,1698,4,Wednesday
2026352035,2016-05-12,5.51,8891,0,0,1364,5,Thursday
2320127002,2016-04-16,3.41,5057,0,0,1724,7,Saturday
2320127002,2016-04-17,4.18,6198,0,0,1852,1,Sunday
2320127002,2016-04-18,4.42,6559,0,0,1905,2,Monday
2320127002,2016-04-19,4.04,5997,0,0,1811,3,Tuesday
2320127002,2016-04-20,4.85,7192,0,0,1922,4,Wednesday
2320127002,2016-04-22,3.76,5583,0,0,1851,6,Friday
2320127002,2016-04-23,3.42,5079,0,0,1804,7,Saturday
2320127002,2016-04-24,2.81,4165,0,0,1725,1,Sunday
2320127002,2016-04-26,2.3,3409,0,0,1632,3,Tuesday
2320127002,2016-04-27,1.16,1715,0,0,1481,4,Wednesday
2320127002,2016-04-28,1.03,1532,0,0,1473,5,Thursday
2320127002,2016-04-29,0.62,924,0,0,1410,6,Friday
2320127002,2016-04-30,3.08,4571,0,0,1779,7,Saturday
2320127002,2016-05-01,0.52,772,0,0,1403,1,Sunday
2320127002,2016-05-04,0.81,1201,0,0,1426,4,Wednesday
2320127002,2016-05-06,3.29,4878,0,0,1742,6,Friday
2320127002,2016-05-07,4.97,7379,0,0,1972,7,Saturday
2320127002,2016-05-08,3.48,5161,0,0,1821,1,Sunday
2320127002,2016-05-09,2.08,3090,0,0,1630,2,Monday
2320127002,2016-05-10,4.2,6227,0,0,1899,3,Tuesday
2347167796,2016-04-19,4.44,6711,0,0,2346,3,Tuesday
2347167796,2016-04-24,6.26,9471,0,0,2187,1,Sunday
2347167796,2016-04-26,3.95,5980,0,0,1861,3,Tuesday
2347167796,2016-04-28,3.6,5439,0,0,1854,5,Thursday
2347167796,2016-04-29,0.03,42,0,0,403,6,Friday
2873212765,2016-04-13,5.12,7618,0,0,2004,4,Wednesday
2873212765,2016-04-14,5.32,7910,0,0,1893,5,Thursday
2873212765,2016-04-15,5.7,8482,0,0,2063,6,Friday
2873212765,2016-04-17,1.7,2524,0,0,1529,1,Sunday
2873212765,2016-04-19,5.37,7948,0,0,1956,3,Tuesday
2873212765,2016-04-27,2.36,3516,0,46,1966,4,Wednesday
2873212765,2016-05-02,5.06,7525,0,0,1878,2,Monday
2873212765,2016-05-04,5.56,8278,0,0,2015,4,Wednesday
2873212765,2016-05-06,4.75,7063,0,0,1910,6,Friday
2873212765,2016-05-09,5.19,7726,0,0,1906,2,Monday
2873212765,2016-05-10,5.56,8275,0,0,1962,3,Tuesday
2873212765,2016-05-12,5.11,7566,0,0,1431,5,Thursday
3372868164,2016-04-12,3.24,4747,0,0,1788,3,Tuesday
3372868164,2016-04-15,5.08,7451,0,0,1908,6,Friday
3372868164,2016-04-16,4.73,6905,0,0,1908,7,Saturday
3372868164,2016-04-19,5.26,7711,0,0,1985,3,Tuesday
3372868164,2016-04-22,2.62,3843,0,0,1669,6,Friday
3372868164,2016-04-25,4.09,5995,0,0,2010,2,Monday
3372868164,2016-04-28,3.76,5512,0,0,1972,5,Thursday
3372868164,2016-04-29,6.23,9135,0,0,2044,6,Friday
3372868164,2016-05-01,2.1,3077,0,0,1237,1,Sunday
3977333714,2016-04-21,4.08,6093,0,0,1397,5,Thursday
3977333714,2016-04-23,8.07,12058,0,0,1638,7,Saturday
3977333714,2016-04-27,5.04,7193,0,0,1377,4,Wednesday
3977333714,2016-05-07,7.73,11550,0,0,1574,7,Saturday
4020332650,2016-04-14,0.08,108,0,0,2011,5,Thursday
4020332650,2016-04-18,0.04,62,0,0,1995,2,Monday
4020332650,2016-05-02,0.34,475,0,0,2207,2,Monday
4020332650,2016-05-03,3.22,4496,0,0,2828,3,Tuesday
4020332650,2016-05-06,3.13,4369,0,0,2704,6,Friday
4020332650,2016-05-07,4.4,6132,0,0,2975,7,Saturday
4020332650,2016-05-08,4.2,5862,0,0,3089,1,Sunday
4020332650,2016-05-10,3.98,5546,0,0,2926,3,Tuesday
4020332650,2016-05-12,0.42,590,0,0,1120,5,Thursday
4057192912,2016-04-12,4.03,5394,0,0,2286,3,Tuesday
4057192912,2016-04-13,4.47,5974,0,0,2306,4,Wednesday
4319703577,2016-04-12,5.2,7753,0,0,2115,3,Tuesday
4319703577,2016-04-15,3.8,5664,0,0,1985,6,Friday
4319703577,2016-04-16,3.18,4744,0,0,1884,7,Saturday
4319703577,2016-04-17,0.02,29,0,0,1464,1,Sunday
4319703577,2016-04-19,5.99,8925,0,0,2200,3,Tuesday
4319703577,2016-04-20,6.01,8954,0,0,2220,4,Wednesday
4319703577,2016-04-21,2.48,3702,0,0,1792,5,Thursday
4319703577,2016-04-23,3.31,4935,0,0,1945,7,Saturday
4319703577,2016-04-25,6.21,9259,0,0,2314,2,Monday
4319703577,2016-05-01,0.84,1251,0,0,1593,1,Sunday
4319703577,2016-05-02,6.24,9261,0,0,2270,2,Monday
4319703577,2016-05-08,2.46,3672,0,0,1792,1,Sunday
4388161847,2016-04-12,7.78,10122,0,0,2955,3,Tuesday
4388161847,2016-04-15,6.73,8758,0,0,3066,6,Friday
4388161847,2016-04-17,3.58,4660,0,0,2572,1,Sunday
4388161847,2016-05-12,2.59,3369,0,0,1623,5,Thursday
4445114986,2016-04-12,2.2,3276,0,0,2113,3,Tuesday
4445114986,2016-04-13,1.99,2961,0,0,2095,4,Wednesday
4445114986,2016-04-14,2.67,3974,0,0,2194,5,Thursday
4445114986,2016-04-15,4.83,7198,0,0,2496,6,Friday
4445114986,2016-04-16,2.65,3945,0,0,2180,7,Saturday
4445114986,2016-04-17,1.52,2268,0,0,1933,1,Sunday
4445114986,2016-04-19,1.39,2064,0,0,1954,3,Tuesday
4445114986,2016-04-20,1.39,2072,0,0,1974,4,Wednesday
4445114986,2016-04-21,2.56,3809,0,0,2150,5,Thursday
4445114986,2016-04-22,4.58,6831,0,0,2432,6,Friday
4445114986,2016-04-23,2.93,4363,0,0,2149,7,Saturday
4445114986,2016-04-24,3.36,5002,0,0,2247,1,Sunday
4445114986,2016-04-25,2.27,3385,0,0,2070,2,Monday
4445114986,2016-04-28,3.01,4493,0,0,2203,5,Thursday
4445114986,2016-04-29,3.14,4676,0,0,2196,6,Friday
4445114986,2016-04-30,4.18,6222,0,0,2363,7,Saturday
4445114986,2016-05-04,1.96,2923,0,0,2070,4,Wednesday
4445114986,2016-05-06,3.03,4514,0,0,2211,6,Friday
4445114986,2016-05-09,3.54,5275,0,0,2281,2,Monday
4445114986,2016-05-10,2.63,3915,0,0,2181,3,Tuesday
4445114986,2016-05-12,0.52,768,0,0,1212,5,Thursday
4558609924,2016-04-12,3.39,5135,0,0,1909,3,Tuesday
4558609924,2016-04-14,4.49,6799,0,0,1922,5,Thursday
4558609924,2016-04-20,3.17,4803,0,0,1788,4,Wednesday
4558609924,2016-04-24,5.66,8563,0,0,2173,1,Sunday
4558609924,2016-05-01,2.27,3428,0,0,1692,1,Sunday
4558609924,2016-05-02,5.22,7891,0,0,2066,2,Monday
4558609924,2016-05-04,3.46,5232,0,0,1842,4,Wednesday
4558609924,2016-05-06,2.48,3755,0,0,1722,6,Friday
4558609924,2016-05-12,4.17,6307,0,0,1452,5,Thursday
4702921684,2016-04-12,5.88,7213,0,0,2947,3,Tuesday
4702921684,2016-04-13,5.58,6877,0,0,2898,4,Wednesday
4702921684,2016-04-14,6.37,7860,0,0,2984,5,Thursday
4702921684,2016-04-22,1.35,1664,0,0,2241,6,Friday
4702921684,2016-05-03,7.67,9454,0,0,3145,3,Tuesday
4702921684,2016-05-09,6.68,8232,0,0,2990,2,Monday
4702921684,2016-05-12,2.23,2752,0,0,1240,5,Thursday
5553957443,2016-04-13,3.16,4832,0,0,1718,4,Wednesday
5553957443,2016-04-16,3.77,5771,0,0,1831,7,Saturday
5553957443,2016-04-17,0.43,655,0,0,1397,1,Sunday
5553957443,2016-04-18,2.43,3727,0,0,1683,2,Monday
5553957443,2016-04-20,1.77,2713,0,0,1570,4,Wednesday
5553957443,2016-04-23,2.69,4112,0,0,1776,7,Saturday
5553957443,2016-04-24,1.18,1807,0,0,1507,1,Sunday
5553957443,2016-04-30,0.78,1202,0,0,1463,7,Saturday
5553957443,2016-05-01,3.37,5164,0,0,1747,1,Sunday
5553957443,2016-05-04,2.77,4249,0,0,1698,4,Wednesday
5553957443,2016-05-07,1.22,1868,0,0,1494,7,Saturday
5553957443,2016-05-11,3.22,4926,0,0,1693,4,Wednesday
6117666160,2016-04-15,10.59,14019,0,0,2865,6,Friday
6117666160,2016-04-17,5.4,7150,0,0,2225,1,Sunday
6117666160,2016-04-19,8.41,11135,0,0,2606,3,Tuesday
6117666160,2016-04-22,6.2,8206,0,0,2409,6,Friday
6117666160,2016-04-23,8.68,11495,0,0,2651,7,Saturday
6117666160,2016-04-24,5.76,7623,0,0,2305,1,Sunday
6117666160,2016-04-26,7.21,9543,0,0,2450,3,Tuesday
6117666160,2016-04-27,7.11,9411,0,0,2576,4,Wednesday
6117666160,2016-04-29,7.24,9592,0,0,2560,6,Friday
6117666160,2016-04-30,5.28,6987,0,0,2275,7,Saturday
6117666160,2016-05-01,6.73,8915,0,0,2361,1,Sunday
6117666160,2016-05-02,3.73,4933,0,0,2044,2,Monday
6117666160,2016-05-04,2.26,2997,0,0,1902,4,Wednesday
6117666160,2016-05-05,7.4,9799,0,0,2636,5,Thursday
6117666160,2016-05-07,5.54,7336,0,0,2469,7,Saturday
6117666160,2016-05-08,5.53,7328,0,0,2250,1,Sunday
6117666160,2016-05-09,3.38,4477,0,0,1248,2,Monday
6290855005,2016-04-12,3.45,4562,0,0,2560,3,Tuesday
6290855005,2016-04-13,5.4,7142,0,0,2905,4,Wednesday
6290855005,2016-04-14,5.8,7671,0,0,2952,5,Thursday
6290855005,2016-04-15,7.18,9501,0,0,2896,6,Friday
6290855005,2016-04-16,6.28,8301,0,0,2783,7,Saturday
6290855005,2016-04-18,5.21,6885,0,0,2766,2,Monday
6290855005,2016-04-19,5.4,7142,0,0,2839,3,Tuesday
6290855005,2016-04-20,4.81,6361,0,0,2701,4,Wednesday
6290855005,2016-04-22,4.72,6238,0,0,2796,6,Friday
6290855005,2016-04-24,4.46,5896,0,0,2703,1,Sunday
6290855005,2016-04-27,4.21,5565,0,0,2743,4,Wednesday
6290855005,2016-04-30,5.1,6744,0,0,2843,7,Saturday
6290855005,2016-05-02,5.13,6781,0,0,2725,2,Monday
6290855005,2016-05-03,4.57,6047,0,0,2671,3,Tuesday
6290855005,2016-05-04,4.41,5832,0,0,2718,4,Wednesday
6290855005,2016-05-05,4.79,6339,0,0,2682,5,Thursday
6290855005,2016-05-06,4.62,6116,0,0,2806,6,Friday
6290855005,2016-05-07,4.17,5510,0,0,2613,7,Saturday
6290855005,2016-05-08,5.83,7706,0,0,2712,1,Sunday
6290855005,2016-05-09,4.75,6277,0,0,2175,2,Monday
6775888955,2016-04-15,0.92,1282,0,0,2127,6,Friday
6775888955,2016-04-22,0.46,637,0,0,1922,6,Friday
6962181067,2016-04-14,1.03,1551,0,0,1466,5,Thursday
6962181067,2016-04-15,3.68,5563,0,0,1756,6,Friday
6962181067,2016-04-24,3.32,5029,0,0,1705,1,Sunday
6962181067,2016-05-01,3.61,5454,0,0,1740,1,Sunday
6962181067,2016-05-07,4.5,6815,0,0,1947,7,Saturday
6962181067,2016-05-08,2.77,4188,0,0,1659,1,Sunday
6962181067,2016-05-12,2.37,3587,0,0,928,5,Thursday
7007744171,2016-04-15,3.53,5273,0,0,2098,6,Friday
7007744171,2016-04-16,3.1,4631,0,0,2076,7,Saturday
7007744171,2016-04-17,5.39,8059,0,0,2383,1,Sunday
7007744171,2016-04-24,7.42,11085,0,0,2667,1,Sunday
7007744171,2016-04-30,2.52,3761,0,0,2051,7,Saturday
7007744171,2016-05-01,3.75,5600,0,0,2225,1,Sunday
7086361926,2016-04-23,1.81,2817,0,0,1965,7,Saturday
7086361926,2016-04-24,2.16,3520,0,0,2049,1,Sunday
8053475328,2016-05-01,0.85,1170,0,0,1886,1,Sunday
8053475328,2016-05-02,1.43,1969,0,0,1988,2,Monday
8253242879,2016-04-15,1.77,2672,0,0,1632,6,Friday
8253242879,2016-04-19,2.78,4212,0,0,1763,3,Tuesday
8253242879,2016-04-22,1.87,2824,0,0,1651,6,Friday
8378563200,2016-04-17,1.69,2132,0,0,2572,1,Sunday
8378563200,2016-04-24,2.94,3703,0,0,2741,1,Sunday
8378563200,2016-04-30,2.34,2946,0,0,2660,7,Saturday
8378563200,2016-05-07,3.54,4468,0,0,2799,7,Saturday
8378563200,2016-05-08,2.33,2943,0,0,2685,1,Sunday
8583815059,2016-04-14,2.45,3135,0,0,2443,5,Thursday
8583815059,2016-04-16,4.15,5319,0,0,2693,7,Saturday
8583815059,2016-04-17,2.35,3008,0,0,2439,1,Sunday
8583815059,2016-04-20,4.11,5273,0,0,2647,4,Wednesday
8583815059,2016-04-28,4.82,6174,0,0,2757,5,Thursday
8583815059,2016-05-02,6.61,8469,0,0,2894,2,Monday
8583815059,2016-05-03,9.37,12015,0,0,3212,3,Tuesday
8583815059,2016-05-04,2.8,3588,0,0,2516,4,Wednesday
8583815059,2016-05-05,9.69,12427,0,0,3266,5,Thursday
8583815059,2016-05-07,4.77,6117,0,0,2810,7,Saturday
8792009665,2016-04-12,1.64,2564,0,0,2044,3,Tuesday
8792009665,2016-04-13,0.84,1320,0,0,1934,4,Wednesday
8792009665,2016-04-14,0.78,1219,0,0,1963,5,Thursday
8792009665,2016-04-15,1.59,2483,0,0,2009,6,Friday
8792009665,2016-04-16,0.16,244,0,0,1721,7,Saturday
8792009665,2016-04-20,2.01,3147,0,0,2188,4,Wednesday
8792009665,2016-04-21,0.09,144,0,0,1720,5,Thursday
8792009665,2016-04-26,0.85,1321,0,0,1928,3,Tuesday
8792009665,2016-04-27,1.13,1758,0,0,2067,4,Wednesday
8792009665,2016-04-28,3.94,6157,0,0,2780,5,Thursday
8792009665,2016-05-01,1.04,1619,0,0,1962,1,Sunday
8792009665,2016-05-02,1.17,1831,0,0,2015,2,Monday
8792009665,2016-05-03,1.55,2421,0,0,2297,3,Tuesday
8792009665,2016-05-04,1.46,2283,0,0,2067,4,Wednesday
8877689391,2016-04-17,8.87,15118,0,58,3545,1,Sunday
8877689391,2016-04-23,7.43,11200,0,102,3891,7,Saturday
8877689391,2016-05-02,3.64,4790,0,0,2189,2,Monday
1644430081,2016-04-14,8.02,11037,0.36,5,3226,5,Thursday
1644430081,2016-04-19,8.18,11256,0.36,5,3300,3,Tuesday
2320127002,2016-05-02,2.45,3634,0.36,5,1613,2,Monday
8253242879,2016-04-25,4.51,6829,0.36,7,1909,2,Monday
2873212765,2016-04-30,5.68,8452,0.33,5,1830,7,Saturday
8253242879,2016-04-20,4.27,6466,0.33,5,1931,4,Wednesday
8378563200,2016-04-27,5.84,7359,0.33,4,3061,4,Wednesday
8792009665,2016-04-30,4.59,7174,0.33,10,2896,7,Saturday
1927972279,2016-05-01,1.87,2704,1.01,14,2411,1,Sunday
4319703577,2016-04-28,7.28,10817,1.01,13,2367,5,Thursday
4388161847,2016-05-01,7.89,10255,1.01,12,2926,1,Sunday
4558609924,2016-05-05,7.01,10611,1.01,14,2262,5,Thursday
4020332650,2016-04-12,6.12,8539,0.15,4,3654,3,Tuesday
8583815059,2016-04-13,4.35,5571,0.15,2,2654,4,Wednesday
8583815059,2016-04-24,6.46,8286,0.15,2,2889,1,Sunday
8583815059,2016-04-30,7.87,10085,0.15,2,3164,7,Saturday
3977333714,2016-04-16,9,13459,2.03,31,1625,7,Saturday
6117666160,2016-04-20,8.02,10449,2.03,26,2536,4,Wednesday
7086361926,2016-04-14,6.12,9123,2.03,35,2734,5,Thursday
2022484408,2016-05-05,8.35,11895,2.79,55,2609,5,Thursday
4388161847,2016-05-04,9.52,12375,2.79,35,3162,4,Wednesday
5553957443,2016-04-29,8.33,12764,2.79,46,2169,6,Friday
7086361926,2016-04-28,7.8,11584,2.79,54,2862,5,Thursday
2347167796,2016-04-17,3.62,5472,0.08,1,1882,1,Sunday
4702921684,2016-05-06,5.63,6943,0.08,1,2859,6,Friday
4702921684,2016-05-10,8.61,10613,0.08,1,3172,3,Tuesday
8877689391,2016-05-07,8.13,12332,0.08,105,4142,7,Saturday
1644430081,2016-04-28,6.84,9405,0.2,3,3108,5,Thursday
3977333714,2016-04-20,7.83,11658,0.2,2,1554,4,Wednesday
4020332650,2016-05-09,3.27,4556,0.2,3,2785,2,Monday
4319703577,2016-05-11,6.13,9129,0.2,3,2232,4,Wednesday
2873212765,2016-04-21,5.98,8859,0.13,2,1970,5,Thursday
6775888955,2016-05-07,1.41,1967,0.13,2,1032,7,Saturday
7007744171,2016-04-23,5.41,8093,0.13,2,2284,7,Saturday
3977333714,2016-05-11,0.5,746,0.37,4,52,4,Wednesday
4388161847,2016-04-21,7.73,10055,0.37,7,3069,5,Thursday
4702921684,2016-05-07,11.65,14370,0.37,5,3683,7,Saturday
8583815059,2016-05-11,6.79,8701,0.37,5,2804,4,Wednesday
2320127002,2016-04-21,2.29,3404,0.06,1,1610,5,Thursday
2873212765,2016-05-03,4.98,7412,0.06,1,1906,3,Tuesday
4319703577,2016-04-22,3.02,4500,0.06,1,1886,6,Friday
4319703577,2016-04-24,2.74,4081,0.06,1,1880,1,Sunday
4388161847,2016-04-13,8.45,10993,0.06,1,3092,4,Wednesday
6775888955,2016-04-28,0.5,703,0.06,2,1993,5,Thursday
3372868164,2016-04-14,6.03,8844,0.34,6,2065,5,Thursday
4388161847,2016-05-09,7.86,10218,0.34,6,3013,2,Monday
4558609924,2016-04-23,4.55,6890,0.34,5,2085,7,Saturday
4702921684,2016-05-04,6.62,8161,0.34,4,3004,4,Wednesday
2347167796,2016-04-20,7.27,10999,0.68,11,2198,4,Wednesday
3977333714,2016-05-08,9.09,13585,0.68,9,1633,1,Sunday
4702921684,2016-05-08,10.43,12857,0.68,9,3287,1,Sunday
6290855005,2016-04-25,5.9,7802,0.68,8,2771,2,Monday
4020332650,2016-04-15,1.35,1882,0.21,36,2951,6,Friday
4057192912,2016-04-15,2.95,3984,0.21,3,1527,6,Friday
4319703577,2016-05-10,6.37,9487,0.21,3,2260,3,Tuesday
4388161847,2016-04-16,5.06,6580,0.21,6,3073,7,Saturday
4319703577,2016-05-04,7.02,10429,0.59,8,2282,4,Wednesday
4558609924,2016-04-15,5.15,7795,0.59,17,2121,6,Friday
4558609924,2016-04-25,5.35,8095,0.59,18,2225,2,Monday
1644430081,2016-05-02,2.73,3758,0.07,1,2580,2,Monday
1927972279,2016-04-24,1.45,2090,0.07,1,2324,1,Sunday
2347167796,2016-04-15,6.92,10465,0.07,1,2133,6,Friday
2873212765,2016-04-18,5.24,7762,0.07,1,1890,2,Monday
3977333714,2016-05-10,8.78,13072,0.07,1,1630,3,Tuesday
4319703577,2016-04-18,1.55,2276,0.07,1,1632,2,Monday
4702921684,2016-04-15,5.28,6506,0.07,1,2896,6,Friday
8583815059,2016-04-26,8.19,10499,0.07,1,3093,3,Tuesday
1644430081,2016-04-12,7.77,10694,0.14,2,3199,3,Tuesday
1844505072,2016-04-17,2.99,4525,0.14,2,1793,1,Sunday
4319703577,2016-05-09,6.96,10378,0.14,2,2345,2,Monday
8583815059,2016-05-06,4.56,5843,0.14,2,2683,6,Friday
8792009665,2016-04-29,5.35,8360,0.14,6,3101,6,Friday
3977333714,2016-04-28,4.88,7114,1.37,15,1407,5,Thursday
4388161847,2016-04-19,7.83,10181,1.37,20,3015,3,Tuesday
4558609924,2016-04-22,6.35,9601,1.37,20,2094,6,Friday
5553957443,2016-04-12,7.57,11596,1.37,19,2026,3,Tuesday
4319703577,2016-04-13,5.5,8204,0.53,8,2135,4,Wednesday
4388161847,2016-05-11,7.84,10201,0.53,8,2954,4,Wednesday
8583815059,2016-04-19,4.44,5697,0.53,7,2668,3,Tuesday
8583815059,2016-04-23,7.35,9423,0.53,7,3012,7,Saturday
1503960366,2016-04-29,7.15,11181,1.06,16,1837,6,Friday
3372868164,2016-04-30,3.58,5250,1.06,17,1946,7,Saturday
4702921684,2016-04-29,8.05,9930,1.06,12,3165,6,Friday
5553957443,2016-05-02,6.38,9769,1.06,23,1996,2,Monday
1503960366,2016-05-12,0,0,0,0,0,5,Thursday
1844505072,2016-04-24,0,0,0,0,1347,1,Sunday
1844505072,2016-04-25,0,0,0,0,1347,2,Monday
1844505072,2016-04-26,0,0,0,0,1347,3,Tuesday
1844505072,2016-04-27,0,4,0,0,1348,4,Wednesday
1844505072,2016-05-02,0,0,0,0,1348,2,Monday
1844505072,2016-05-07,0,0,0,0,1347,7,Saturday
1844505072,2016-05-08,0,0,0,0,1347,1,Sunday
1844505072,2016-05-09,0,0,0,0,1347,2,Monday
1844505072,2016-05-10,0,0,0,0,1347,3,Tuesday
1844505072,2016-05-11,0,0,0,0,1347,4,Wednesday
1844505072,2016-05-12,0,0,0,0,665,5,Thursday
1927972279,2016-04-16,0,0,0,0,2064,7,Saturday
1927972279,2016-04-17,0,0,0,0,2063,1,Sunday
1927972279,2016-04-19,0,0,0,0,2063,3,Tuesday
1927972279,2016-04-20,0,0,0,0,2063,4,Wednesday
1927972279,2016-04-21,0,0,0,0,2064,5,Thursday
1927972279,2016-04-27,0,0,0,0,2063,4,Wednesday
1927972279,2016-04-29,0,0,0,0,2063,6,Friday
1927972279,2016-04-30,0,0,0,0,2064,7,Saturday
1927972279,2016-05-05,0,0,0,0,2063,5,Thursday
1927972279,2016-05-08,0,0,0,0,2063,1,Sunday
1927972279,2016-05-09,0,0,0,0,2063,2,Monday
1927972279,2016-05-10,0,0,0,0,2063,3,Tuesday
1927972279,2016-05-11,0,0,0,0,2063,4,Wednesday
1927972279,2016-05-12,0,0,0,0,1383,5,Thursday
4020332650,2016-04-13,0,0,0,0,1981,4,Wednesday
4020332650,2016-04-19,0,0,0,0,1980,3,Tuesday
4020332650,2016-04-20,0,0,0,0,1980,4,Wednesday
4020332650,2016-04-21,0,0,0,0,1980,5,Thursday
4020332650,2016-04-22,0,0,0,0,1980,6,Friday
4020332650,2016-04-23,0,0,0,0,1980,7,Saturday
4020332650,2016-04-24,0,0,0,0,1980,1,Sunday
4020332650,2016-04-25,0,0,0,0,1980,2,Monday
4020332650,2016-04-26,0,0,0,0,1980,3,Tuesday
4020332650,2016-04-27,0,0,0,0,1980,4,Wednesday
4020332650,2016-04-28,0,0,0,0,1980,5,Thursday
4020332650,2016-04-29,0,0,0,0,1980,6,Friday
4020332650,2016-04-30,0,0,0,0,1980,7,Saturday
4020332650,2016-05-01,0,0,0,0,1980,1,Sunday
4057192912,2016-04-14,0,0,0,0,1776,5,Thursday
4702921684,2016-05-01,0,0,0,0,2017,1,Sunday
5577150313,2016-05-07,0,0,0,0,1819,7,Saturday
5577150313,2016-05-08,0,0,0,0,1819,1,Sunday
6117666160,2016-04-12,0,0,0,0,1496,3,Tuesday
6117666160,2016-04-13,0,0,0,0,1496,4,Wednesday
6117666160,2016-04-14,0,0,0,0,1496,5,Thursday
6117666160,2016-04-25,0,0,0,0,1497,2,Monday
6117666160,2016-05-03,0,0,0,0,1496,3,Tuesday
6290855005,2016-04-21,0,0,0,0,2060,5,Thursday
6290855005,2016-04-23,0,0,0,33,2664,7,Saturday
6290855005,2016-04-26,0,0,0,0,2060,3,Tuesday
6290855005,2016-04-29,0,0,0,0,2060,6,Friday
6290855005,2016-05-10,0,0,0,0,0,3,Tuesday
6775888955,2016-04-12,0,0,0,0,1841,3,Tuesday
6775888955,2016-04-19,0,0,0,0,1841,3,Tuesday
6775888955,2016-04-21,0,0,0,0,1841,5,Thursday
6775888955,2016-04-23,0,0,0,0,1841,7,Saturday
6775888955,2016-04-27,0,0,0,0,1841,4,Wednesday
6775888955,2016-04-29,0,0,0,0,1841,6,Friday
6775888955,2016-05-02,0,0,0,0,1841,2,Monday
6775888955,2016-05-04,0,0,0,0,1841,4,Wednesday
6775888955,2016-05-05,0,0,0,0,1841,5,Thursday
7007744171,2016-05-04,0,0,0,0,1557,4,Wednesday
7007744171,2016-05-07,0,0,0,0,120,7,Saturday
7086361926,2016-04-17,0,0,0,0,1629,1,Sunday
8253242879,2016-04-30,0,0,0,0,0,7,Saturday
8583815059,2016-05-12,0,0,0,0,0,5,Thursday
8792009665,2016-04-17,0,0,0,0,1688,1,Sunday
8792009665,2016-04-18,0,0,0,0,1688,2,Monday
8792009665,2016-04-19,0,0,0,0,1688,3,Tuesday
8792009665,2016-04-25,0,0,0,0,1688,2,Monday
8792009665,2016-05-05,0,0,0,0,1688,5,Thursday
8792009665,2016-05-06,0,0,0,0,1688,6,Friday
8792009665,2016-05-07,0,0,0,0,1688,7,Saturday
8792009665,2016-05-08,0,0,0,0,1688,1,Sunday
8792009665,2016-05-09,0,0,0,0,1688,2,Monday
8792009665,2016-05-10,0,0,0,0,57,3,Tuesday
8583815059,2016-04-25,3.51,4503,1.47,18,2547,2,Monday
2320127002,2016-04-15,3.51,5205,0,0,1801,6,Friday
2320127002,2016-05-05,3.51,5202,0,0,1780,5,Thursday
4445114986,2016-05-01,3.51,5232,0,0,2246,1,Sunday
8053475328,2016-05-12,3.91,4998,2.95,28,1505,5,Thursday
6117666160,2016-04-18,3.91,5153,0,0,2018,2,Monday
6962181067,2016-05-06,3.91,5908,0,0,1850,6,Friday
8583815059,2016-04-12,3.91,5014,0,0,2650,3,Tuesday
4558609924,2016-04-30,6.82,10319,0.47,7,2105,7,Saturday
6962181067,2016-04-27,6.82,10320,0.55,7,2034,4,Wednesday
7086361926,2016-04-25,6.82,10091,3.75,69,2752,2,Monday
4388161847,2016-04-14,6.82,8863,0.13,10,2998,5,Thursday
4558609924,2016-05-08,4.33,6543,1.8,66,2666,1,Sunday
2320127002,2016-05-11,4.33,6424,0,0,1903,4,Wednesday
2873212765,2016-05-11,4.33,6440,0,0,1826,4,Wednesday
6290855005,2016-04-28,4.33,5731,0,0,2687,5,Thursday
1844505072,2016-05-03,2.68,4059,0,0,1742,3,Tuesday
2320127002,2016-04-14,2.68,3973,0,0,1696,5,Thursday
6117666160,2016-05-06,2.68,3365,0,0,1838,6,Friday
8583815059,2016-04-15,2.68,3430,0,0,2505,6,Friday
2022484408,2016-04-21,8.74,12453,3.33,104,3158,5,Thursday
2022484408,2016-05-03,8.74,12183,3.99,72,2752,3,Tuesday
6962181067,2016-04-16,8.74,13217,3.66,50,2173,7,Saturday
8877689391,2016-04-25,8.74,12986,2.37,113,3802,2,Monday
1844505072,2016-04-20,0.01,8,0,0,1349,4,Wednesday
4020332650,2016-04-17,0.01,16,0,0,1990,1,Sunday
4319703577,2016-05-12,0.01,17,0,0,257,5,Thursday
6775888955,2016-05-03,0.01,9,0,0,1843,3,Tuesday
7086361926,2016-04-16,0.01,31,0,0,1635,7,Saturday
2873212765,2016-04-22,4.9,7286,0.46,46,2241,6,Friday
8378563200,2016-04-29,4.9,6175,0.25,3,2982,6,Friday
2320127002,2016-04-13,4.9,7275,0,0,2003,4,Wednesday
4445114986,2016-05-08,4.9,7303,0,0,2423,1,Sunday
6775888955,2016-04-17,1.79,2497,0.35,5,2067,1,Sunday
6775888955,2016-04-30,1.79,2503,0.16,3,2280,7,Saturday
1624580081,2016-04-28,1.79,2759,0,0,1401,5,Thursday
2320127002,2016-05-12,1.79,2661,0,0,1125,5,Thursday
2022484408,2016-04-26,7.19,10119,1.43,55,2793,3,Tuesday
2022484408,2016-04-29,7.19,10245,0.48,21,2611,6,Friday
5553957443,2016-04-25,7.19,10946,2.93,51,2033,2,Monday
8583815059,2016-05-08,7.19,9217,0.22,3,2940,1,Sunday
8792009665,2016-04-22,2.6,4068,0.05,1,2419,6,Friday
1927972279,2016-04-26,2.6,3761,0,0,2638,3,Tuesday
2026352035,2016-05-07,2.6,4193,0,0,1491,7,Saturday
6117666160,2016-04-28,2.6,3403,0,0,1879,5,Thursday
1644430081,2016-04-25,2.6,3580,0.59,8,2497,2,Monday
2873212765,2016-04-29,4.95,7365,1.36,20,1780,6,Friday
7086361926,2016-04-29,4.95,7881,0.49,24,2616,6,Friday
2873212765,2016-04-25,4.95,7373,0,0,1907,2,Monday
4702921684,2016-04-26,4.95,6108,0.07,1,2784,3,Tuesday
6962181067,2016-05-04,6.71,10147,0.47,15,2086,4,Wednesday
7086361926,2016-04-18,6.71,9827,3.17,61,2743,2,Monday
6962181067,2016-04-17,6.71,10145,0.33,5,2027,1,Sunday
3977333714,2016-04-13,6.71,10035,2.03,31,1495,4,Wednesday